instances,accuracy,kappa,kappa_t,kappa_m,f1_score,f1_score_0,f1_score_1,precision,precision_0,precision_1,recall,recall_0,recall_1
2000.0,60.8,11.389200332742591,-179.0035587188613,0.50761421319797,56.25005712877137,71.61477190441708,36.672051696284335,57.26953731438036,63.64221364221364,50.89686098654709,55.26623854438424,81.87086092715232,28.66161616161616
