instances,accuracy,kappa,kappa_t,kappa_m,f1_score,f1_score_0,f1_score_1,precision,precision_0,precision_1,recall,recall_0,recall_1
2000.0,62.0,19.335665523214338,-170.46263345195737,3.55329949238579,59.69569910208185,69.42880128720836,49.80184940554822,59.87172651173276,67.52738654147105,52.21606648199446,59.520703726001734,71.44039735099338,47.6010101010101
