instances,accuracy,kappa,kappa_t,kappa_m,f1_score,f1_score_0,f1_score_1,precision,precision_0,precision_1,recall,recall_0,recall_1
2000.0,59.9,10.61557116872927,-185.40925266903926,-1.776649746192895,55.630911326096836,70.31828275351592,38.21263482280431,56.29977088856083,63.58768406961178,49.01185770750988,54.977757709545784,78.64238410596026,31.313131313131315
