{
    "learner": [
        "vectorized",
        "winning_layer"
    ],
    "stream": "electricity",
    "lr": 0.029220071750938385,
    "layer_weight_learning_rate": 0.00018520838795208316,
    "adwin-delta": 7.756403429869821e-07,
    "mci": 2.805804879838382e-07,
    "grace_period": [
        8,
        "layer_grace"
    ],
    "loss_fn": "NLLLoss"
}