instances,accuracy,kappa,kappa_t,kappa_m,f1_score,f1_score_0,f1_score_1,precision,precision_0,precision_1,recall,recall_0,recall_1
2000.0,61.3,14.958512059630127,-175.44483985765135,1.776649746192895,57.7352379378587,70.68181818181817,43.08823529411765,58.36906916358486,65.1536312849162,51.58450704225353,57.11502441634892,77.23509933774835,36.994949494949495
