instances,accuracy,kappa,kappa_t,kappa_m,f1_score,f1_score_0,f1_score_1,precision,precision_0,precision_1,recall,recall_0,recall_1
2000.0,56.99999999999999,17.269509004155754,-206.04982206405705,-9.13705583756346,59.34701340158608,57.383548067393455,56.609485368314836,59.31216931216932,71.48148148148148,47.14285714285714,59.38189845474614,47.930463576158935,70.83333333333334
